Mode,Slots,Block_Size,Batch_Size,Time_s,Throughput_Gbps,Matches,Data_MB,Patterns,L1_Hit,L1_Miss,L2_Hit,L2_Miss,Mem_Bus_Util,Occupancy
gpu_async,2,4,128,5.052156,8.33,31884232,5017.59,21145,0,100,0,100,0,0
gpu_async,2,4,256,2.889700,14.56,31884232,5017.59,21145,0,100,0,100,0,0
gpu_async,2,4,512,1.686626,24.95,31884232,5017.59,21145,0,100,0,100,0,0
gpu_async,2,4,1024,1.059661,39.72,31884232,5017.59,21145,0,100,0,100,0,0
gpu_async,2,4,2048,.744278,56.55,31884232,5017.59,21145,0,100,0,100,0,0
gpu_async,2,4,4096,.557681,75.47,31884232,5017.59,21145,0,100,0,100,0,0
gpu_async,2,4,16384,.427482,98.46,31884232,5017.59,21145,0,100,0,100,0,0
gpu_async,2,4,65536,.416592,101.03,31884232,5017.59,21145,0,100,0,100,0,0
gpu_async,2,4,131072,.418527,100.56,31884232,5017.59,21145,0,100,0,100,0,0
gpu_async,2,4,262144,.420852,100.01,31884232,5017.59,21145,0,100,0,100,0,0
gpu_async,2,8,128,6.032513,6.97,31884232,5017.59,21145,0,100,0,100,0,0
gpu_async,2,8,256,3.470173,12.12,31884232,5017.59,21145,0,100,0,100,0,0
gpu_async,2,8,512,2.024742,20.78,31884232,5017.59,21145,0,100,0,100,0,0
gpu_async,2,8,1024,1.238090,33.99,31884232,5017.59,21145,0,100,0,100,0,0
gpu_async,2,8,2048,.781744,53.84,31884232,5017.59,21145,0,100,0,100,0,0
gpu_async,2,8,4096,.527076,79.85,31884232,5017.59,21145,0,100,0,100,0,0
gpu_async,2,8,16384,.328175,128.25,31884232,5017.59,21145,0,100,0,100,0,0
gpu_async,2,8,65536,.303306,138.77,31884232,5017.59,21145,0,100,0,100,0,0
gpu_async,2,8,131072,.304449,138.25,31884232,5017.59,21145,0,100,0,100,0,0
gpu_async,2,8,262144,.308922,136.25,31884232,5017.59,21145,0,100,0,100,0,0
gpu_async,2,16,128,6.914185,6.08,31884232,5017.59,21145,0,100,0,100,0,0
gpu_async,2,16,256,4.024126,10.45,31884232,5017.59,21145,0,100,0,100,0,0
gpu_async,2,16,512,2.350664,17.90,31884232,5017.59,21145,0,100,0,100,0,0
gpu_async,2,16,1024,1.422853,29.58,31884232,5017.59,21145,0,100,0,100,0,0
gpu_async,2,16,2048,.880962,47.77,31884232,5017.59,21145,0,100,0,100,0,0
gpu_async,2,16,4096,.559124,75.27,31884232,5017.59,21145,0,100,0,100,0,0
gpu_async,2,16,16384,.284585,147.90,31884232,5017.59,21145,0,100,0,100,0,0
gpu_async,2,16,65536,.224388,187.57,31884232,5017.59,21145,0,100,0,100,0,0
gpu_async,2,16,131072,.222503,189.16,31884232,5017.59,21145,0,100,0,100,0,0
gpu_async,2,16,262144,.225533,186.62,31884232,5017.59,21145,0,100,0,100,0,0
gpu_async,2,32,128,7.979225,5.27,31884232,5017.59,21145,0,100,0,100,0,0
gpu_async,2,32,256,4.617682,9.11,31884232,5017.59,21145,0,100,0,100,0,0
gpu_async,2,32,512,2.691755,15.63,31884232,5017.59,21145,0,100,0,100,0,0
gpu_async,2,32,1024,1.621931,25.95,31884232,5017.59,21145,0,100,0,100,0,0
gpu_async,2,32,2048,.989349,42.54,31884232,5017.59,21145,0,100,0,100,0,0
gpu_async,2,32,4096,.614429,68.50,31884232,5017.59,21145,0,100,0,100,0,0
gpu_async,2,32,16384,.256476,164.11,31884232,5017.59,21145,0,100,0,100,0,0
gpu_async,2,32,65536,.196393,214.31,31884232,5017.59,21145,0,100,0,100,0,0
gpu_async,2,32,131072,.189587,222.01,31884232,5017.59,21145,0,100,0,100,0,0
gpu_async,2,32,262144,.186485,225.70,31884232,5017.59,21145,0,100,0,100,0,0
gpu_async,2,64,128,7.983239,5.27,31884232,5017.59,21145,0,100,0,100,0,0
gpu_async,2,64,256,4.604650,9.14,31884232,5017.59,21145,0,100,0,100,0,0
gpu_async,2,64,512,2.679809,15.70,31884232,5017.59,21145,0,100,0,100,0,0
gpu_async,2,64,1024,1.616383,26.04,31884232,5017.59,21145,0,100,0,100,0,0
gpu_async,2,64,2048,.989271,42.54,31884232,5017.59,21145,0,100,0,100,0,0
gpu_async,2,64,4096,.612649,68.70,31884232,5017.59,21145,0,100,0,100,0,0
gpu_async,2,64,16384,.257713,163.32,31884232,5017.59,21145,0,100,0,100,0,0
gpu_async,2,64,65536,.300192,140.21,31884232,5017.59,21145,0,100,0,100,0,0
gpu_async,2,64,131072,.287645,146.32,31884232,5017.59,21145,0,100,0,100,0,0
gpu_async,2,64,262144,.287401,146.45,31884232,5017.59,21145,0,100,0,100,0,0
gpu_async,2,128,128,7.930132,5.30,31884232,5017.59,21145,0,100,0,100,0,0
gpu_async,2,128,256,4.642299,9.06,31884232,5017.59,21145,0,100,0,100,0,0
gpu_async,2,128,512,2.691749,15.63,31884232,5017.59,21145,0,100,0,100,0,0
gpu_async,2,128,1024,1.617294,26.02,31884232,5017.59,21145,0,100,0,100,0,0
gpu_async,2,128,2048,.988521,42.57,31884232,5017.59,21145,0,100,0,100,0,0
gpu_async,2,128,4096,.614117,68.53,31884232,5017.59,21145,0,100,0,100,0,0
gpu_async,2,128,16384,.259238,162.36,31884232,5017.59,21145,0,100,0,100,0,0
gpu_async,2,128,65536,.572701,73.49,31884232,5017.59,21145,0,100,0,100,0,0
gpu_async,2,128,131072,.597431,70.45,31884232,5017.59,21145,0,100,0,100,0,0
gpu_async,2,128,262144,.601466,69.98,31884232,5017.59,21145,0,100,0,100,0,0
gpu_async,2,256,128,7.928408,5.30,31884232,5017.59,21145,0,100,0,100,0,0
gpu_async,2,256,256,4.638053,9.07,31884232,5017.59,21145,0,100,0,100,0,0
gpu_async,2,256,512,2.727201,15.43,31884232,5017.59,21145,0,100,0,100,0,0
gpu_async,2,256,1024,1.630668,25.81,31884232,5017.59,21145,0,100,0,100,0,0
gpu_async,2,256,2048,.990289,42.50,31884232,5017.59,21145,0,100,0,100,0,0
gpu_async,2,256,4096,.611191,68.86,31884232,5017.59,21145,0,100,0,100,0,0
gpu_async,2,256,16384,.257858,163.23,31884232,5017.59,21145,0,100,0,100,0,0
gpu_async,2,256,65536,.493835,85.23,31884232,5017.59,21145,0,100,0,100,0,0
gpu_async,2,256,131072,.488018,86.24,31884232,5017.59,21145,0,100,0,100,0,0
gpu_async,2,256,262144,.486206,86.56,31884232,5017.59,21145,0,100,0,100,0,0
gpu_async,2,512,128,7.918772,5.31,31884232,5017.59,21145,0,100,0,100,0,0
gpu_async,2,512,256,4.637061,9.07,31884232,5017.59,21145,0,100,0,100,0,0
gpu_async,2,512,512,2.761296,15.24,31884232,5017.59,21145,0,100,0,100,0,0
gpu_async,2,512,1024,1.670302,25.19,31884232,5017.59,21145,0,100,0,100,0,0
gpu_async,2,512,2048,1.010123,41.66,31884232,5017.59,21145,0,100,0,100,0,0
gpu_async,2,512,4096,.620381,67.84,31884232,5017.59,21145,0,100,0,100,0,0
gpu_async,2,512,16384,.270899,155.37,31884232,5017.59,21145,0,100,0,100,0,0
gpu_async,2,512,65536,.427570,98.44,31884232,5017.59,21145,0,100,0,100,0,0
gpu_async,2,512,131072,.387065,108.74,31884232,5017.59,21145,0,100,0,100,0,0
gpu_async,2,512,262144,.372482,113.00,31884232,5017.59,21145,0,100,0,100,0,0
gpu_async,2,1024,128,8.057795,5.22,31884232,5017.59,21145,0,100,0,100,0,0
gpu_async,2,1024,256,4.785997,8.79,31884232,5017.59,21145,0,100,0,100,0,0
gpu_async,2,1024,512,3.074160,13.69,31884232,5017.59,21145,0,100,0,100,0,0
gpu_async,2,1024,1024,1.895217,22.20,31884232,5017.59,21145,0,100,0,100,0,0
gpu_async,2,1024,2048,1.161126,36.24,31884232,5017.59,21145,0,100,0,100,0,0
gpu_async,2,1024,4096,.713059,59.02,31884232,5017.59,21145,0,100,0,100,0,0
gpu_async,2,1024,16384,.298940,140.79,31884232,5017.59,21145,0,100,0,100,0,0
gpu_async,2,1024,65536,.230334,182.73,31884232,5017.59,21145,0,100,0,100,0,0
gpu_async,2,1024,131072,.221133,190.34,31884232,5017.59,21145,0,100,0,100,0,0
gpu_async,2,1024,262144,.218494,192.63,31884232,5017.59,21145,0,100,0,100,0,0
gpu_async,2,2048,128,.276792,152.06,0,5017.59,21145,0,100,0,100,0,0
gpu_async,2,2048,256,.227234,185.23,0,5017.59,21145,0,100,0,100,0,0
gpu_async,2,2048,512,.200619,209.80,0,5017.59,21145,0,100,0,100,0,0
gpu_async,2,2048,1024,.187185,224.86,0,5017.59,21145,0,100,0,100,0,0
gpu_async,2,2048,2048,.180348,233.38,0,5017.59,21145,0,100,0,100,0,0
gpu_async,2,2048,4096,.176281,238.77,0,5017.59,21145,0,100,0,100,0,0
gpu_async,2,2048,16384,.172985,243.31,0,5017.59,21145,0,100,0,100,0,0
gpu_async,2,2048,65536,.171867,244.90,0,5017.59,21145,0,100,0,100,0,0
gpu_async,2,2048,131072,.171663,245.19,0,5017.59,21145,0,100,0,100,0,0
gpu_async,2,2048,262144,.171413,245.55,0,5017.59,21145,0,100,0,100,0,0
gpu_async,3,4,128,3.471679,12.12,31884232,5017.59,21145,0,100,0,100,0,0
gpu_async,3,4,256,1.988198,21.17,31884232,5017.59,21145,0,100,0,100,0,0
gpu_async,3,4,512,1.167881,36.04,31884232,5017.59,21145,0,100,0,100,0,0
gpu_async,3,4,1024,.759095,55.44,31884232,5017.59,21145,0,100,0,100,0,0
gpu_async,3,4,2048,.560058,75.15,31884232,5017.59,21145,0,100,0,100,0,0
gpu_async,3,4,4096,.458620,91.77,31884232,5017.59,21145,0,100,0,100,0,0
gpu_async,3,4,16384,.413092,101.89,31884232,5017.59,21145,0,100,0,100,0,0
gpu_async,3,4,65536,.412199,102.11,31884232,5017.59,21145,0,100,0,100,0,0
gpu_async,3,4,131072,.415736,101.24,31884232,5017.59,21145,0,100,0,100,0,0
gpu_async,3,4,262144,.418359,100.60,31884232,5017.59,21145,0,100,0,100,0,0
gpu_async,3,8,128,4.144245,10.15,31884232,5017.59,21145,0,100,0,100,0,0
gpu_async,3,8,256,2.386273,17.63,31884232,5017.59,21145,0,100,0,100,0,0
gpu_async,3,8,512,1.397207,30.12,31884232,5017.59,21145,0,100,0,100,0,0
gpu_async,3,8,1024,.852330,49.38,31884232,5017.59,21145,0,100,0,100,0,0
gpu_async,3,8,2048,.556354,75.65,31884232,5017.59,21145,0,100,0,100,0,0
gpu_async,3,8,4096,.398352,105.66,31884232,5017.59,21145,0,100,0,100,0,0
gpu_async,3,8,16384,.304851,138.06,31884232,5017.59,21145,0,100,0,100,0,0
gpu_async,3,8,65536,.299519,140.52,31884232,5017.59,21145,0,100,0,100,0,0
gpu_async,3,8,131072,.300750,139.95,31884232,5017.59,21145,0,100,0,100,0,0
gpu_async,3,8,262144,.303196,138.82,31884232,5017.59,21145,0,100,0,100,0,0
gpu_async,3,16,128,4.768606,8.82,31884232,5017.59,21145,0,100,0,100,0,0
gpu_async,3,16,256,2.766430,15.21,31884232,5017.59,21145,0,100,0,100,0,0
gpu_async,3,16,512,1.619106,25.99,31884232,5017.59,21145,0,100,0,100,0,0
gpu_async,3,16,1024,.975996,43.12,31884232,5017.59,21145,0,100,0,100,0,0
gpu_async,3,16,2048,.612972,68.66,31884232,5017.59,21145,0,100,0,100,0,0
gpu_async,3,16,4096,.398232,105.69,31884232,5017.59,21145,0,100,0,100,0,0
gpu_async,3,16,16384,.226586,185.76,31884232,5017.59,21145,0,100,0,100,0,0
gpu_async,3,16,65536,.215547,195.27,31884232,5017.59,21145,0,100,0,100,0,0
gpu_async,3,16,131072,.213851,196.82,31884232,5017.59,21145,0,100,0,100,0,0
gpu_async,3,16,262144,.217193,193.79,31884232,5017.59,21145,0,100,0,100,0,0
gpu_async,3,32,128,5.488744,7.66,31884232,5017.59,21145,0,100,0,100,0,0
gpu_async,3,32,256,3.176163,13.25,31884232,5017.59,21145,0,100,0,100,0,0
gpu_async,3,32,512,1.852403,22.72,31884232,5017.59,21145,0,100,0,100,0,0
gpu_async,3,32,1024,1.109886,37.92,31884232,5017.59,21145,0,100,0,100,0,0
gpu_async,3,32,2048,.686794,61.28,31884232,5017.59,21145,0,100,0,100,0,0
gpu_async,3,32,4096,.433211,97.15,31884232,5017.59,21145,0,100,0,100,0,0
gpu_async,3,32,16384,.203288,207.04,31884232,5017.59,21145,0,100,0,100,0,0
gpu_async,3,32,65536,.183779,229.02,31884232,5017.59,21145,0,100,0,100,0,0
gpu_async,3,32,131072,.181157,232.34,31884232,5017.59,21145,0,100,0,100,0,0
gpu_async,3,32,262144,.181922,231.36,31884232,5017.59,21145,0,100,0,100,0,0
gpu_async,3,64,128,5.486956,7.67,31884232,5017.59,21145,0,100,0,100,0,0
gpu_async,3,64,256,3.161502,13.31,31884232,5017.59,21145,0,100,0,100,0,0
gpu_async,3,64,512,1.844137,22.82,31884232,5017.59,21145,0,100,0,100,0,0
gpu_async,3,64,1024,1.108088,37.98,31884232,5017.59,21145,0,100,0,100,0,0
gpu_async,3,64,2048,.686134,61.34,31884232,5017.59,21145,0,100,0,100,0,0
gpu_async,3,64,4096,.432650,97.28,31884232,5017.59,21145,0,100,0,100,0,0
gpu_async,3,64,16384,.207422,202.92,31884232,5017.59,21145,0,100,0,100,0,0
gpu_async,3,64,65536,.279620,150.52,31884232,5017.59,21145,0,100,0,100,0,0
gpu_async,3,64,131072,.276464,152.24,31884232,5017.59,21145,0,100,0,100,0,0
gpu_async,3,64,262144,.278671,151.04,31884232,5017.59,21145,0,100,0,100,0,0
gpu_async,3,128,128,5.495206,7.65,31884232,5017.59,21145,0,100,0,100,0,0
gpu_async,3,128,256,3.179105,13.23,31884232,5017.59,21145,0,100,0,100,0,0
gpu_async,3,128,512,1.846331,22.79,31884232,5017.59,21145,0,100,0,100,0,0
gpu_async,3,128,1024,1.105871,38.06,31884232,5017.59,21145,0,100,0,100,0,0
gpu_async,3,128,2048,.686082,61.34,31884232,5017.59,21145,0,100,0,100,0,0
gpu_async,3,128,4096,.432581,97.30,31884232,5017.59,21145,0,100,0,100,0,0
gpu_async,3,128,16384,.209180,201.21,31884232,5017.59,21145,0,100,0,100,0,0
gpu_async,3,128,65536,.594791,70.76,31884232,5017.59,21145,0,100,0,100,0,0
gpu_async,3,128,131072,.609691,69.03,31884232,5017.59,21145,0,100,0,100,0,0
gpu_async,3,128,262144,.615741,68.35,31884232,5017.59,21145,0,100,0,100,0,0
gpu_async,3,256,128,5.484747,7.67,31884232,5017.59,21145,0,100,0,100,0,0
gpu_async,3,256,256,3.208110,13.12,31884232,5017.59,21145,0,100,0,100,0,0
gpu_async,3,256,512,1.867511,22.53,31884232,5017.59,21145,0,100,0,100,0,0
gpu_async,3,256,1024,1.110990,37.88,31884232,5017.59,21145,0,100,0,100,0,0
gpu_async,3,256,2048,.685155,61.43,31884232,5017.59,21145,0,100,0,100,0,0
gpu_async,3,256,4096,.429782,97.93,31884232,5017.59,21145,0,100,0,100,0,0
gpu_async,3,256,16384,.206327,203.99,31884232,5017.59,21145,0,100,0,100,0,0
gpu_async,3,256,65536,.483628,87.03,31884232,5017.59,21145,0,100,0,100,0,0
gpu_async,3,256,131072,.485122,86.76,31884232,5017.59,21145,0,100,0,100,0,0
gpu_async,3,256,262144,.489629,85.96,31884232,5017.59,21145,0,100,0,100,0,0
gpu_async,3,512,128,5.481804,7.67,31884232,5017.59,21145,0,100,0,100,0,0
gpu_async,3,512,256,3.204631,13.13,31884232,5017.59,21145,0,100,0,100,0,0
gpu_async,3,512,512,1.908563,22.05,31884232,5017.59,21145,0,100,0,100,0,0
gpu_async,3,512,1024,1.139183,36.94,31884232,5017.59,21145,0,100,0,100,0,0
gpu_async,3,512,2048,.697272,60.36,31884232,5017.59,21145,0,100,0,100,0,0
gpu_async,3,512,4096,.434342,96.90,31884232,5017.59,21145,0,100,0,100,0,0
gpu_async,3,512,16384,.216259,194.63,31884232,5017.59,21145,0,100,0,100,0,0
gpu_async,3,512,65536,.376726,111.72,31884232,5017.59,21145,0,100,0,100,0,0
gpu_async,3,512,131072,.375888,111.97,31884232,5017.59,21145,0,100,0,100,0,0
gpu_async,3,512,262144,.373209,112.78,31884232,5017.59,21145,0,100,0,100,0,0
gpu_async,3,1024,128,5.630668,7.47,31884232,5017.59,21145,0,100,0,100,0,0
gpu_async,3,1024,256,3.405071,12.36,31884232,5017.59,21145,0,100,0,100,0,0
gpu_async,3,1024,512,2.038469,20.64,31884232,5017.59,21145,0,100,0,100,0,0
gpu_async,3,1024,1024,1.310521,32.11,31884232,5017.59,21145,0,100,0,100,0,0
gpu_async,3,1024,2048,.802950,52.42,31884232,5017.59,21145,0,100,0,100,0,0
gpu_async,3,1024,4096,.496340,84.80,31884232,5017.59,21145,0,100,0,100,0,0
gpu_async,3,1024,16384,.232824,180.78,31884232,5017.59,21145,0,100,0,100,0,0
gpu_async,3,1024,65536,.220443,190.93,31884232,5017.59,21145,0,100,0,100,0,0
gpu_async,3,1024,131072,.215517,195.30,31884232,5017.59,21145,0,100,0,100,0,0
gpu_async,3,1024,262144,.214358,196.35,31884232,5017.59,21145,0,100,0,100,0,0
gpu_async,3,2048,128,.281756,149.38,0,5017.59,21145,0,100,0,100,0,0
gpu_async,3,2048,256,.228553,184.16,0,5017.59,21145,0,100,0,100,0,0
gpu_async,3,2048,512,.201183,209.21,0,5017.59,21145,0,100,0,100,0,0
gpu_async,3,2048,1024,.187914,223.98,0,5017.59,21145,0,100,0,100,0,0
gpu_async,3,2048,2048,.180230,233.53,0,5017.59,21145,0,100,0,100,0,0
gpu_async,3,2048,4096,.176380,238.63,0,5017.59,21145,0,100,0,100,0,0
gpu_async,3,2048,16384,.172996,243.30,0,5017.59,21145,0,100,0,100,0,0
gpu_async,3,2048,65536,.171848,244.92,0,5017.59,21145,0,100,0,100,0,0
gpu_async,3,2048,131072,.171673,245.17,0,5017.59,21145,0,100,0,100,0,0
gpu_async,3,2048,262144,.171385,245.59,0,5017.59,21145,0,100,0,100,0,0
gpu_async,4,4,128,2.661859,15.81,31884232,5017.59,21145,0,100,0,100,0,0
gpu_async,4,4,256,1.527024,27.56,31884232,5017.59,21145,0,100,0,100,0,0
gpu_async,4,4,512,.902852,46.61,31884232,5017.59,21145,0,100,0,100,0,0
gpu_async,4,4,1024,.615333,68.40,31884232,5017.59,21145,0,100,0,100,0,0
gpu_async,4,4,2048,.493489,85.29,31884232,5017.59,21145,0,100,0,100,0,0
gpu_async,4,4,4096,.438759,95.93,31884232,5017.59,21145,0,100,0,100,0,0
gpu_async,4,4,16384,.414511,101.54,31884232,5017.59,21145,0,100,0,100,0,0
gpu_async,4,4,65536,.413896,101.69,31884232,5017.59,21145,0,100,0,100,0,0
gpu_async,4,4,131072,.414619,101.51,31884232,5017.59,21145,0,100,0,100,0,0
gpu_async,4,4,262144,.418503,100.57,31884232,5017.59,21145,0,100,0,100,0,0
gpu_async,4,8,128,3.173802,13.26,31884232,5017.59,21145,0,100,0,100,0,0
gpu_async,4,8,256,1.827971,23.02,31884232,5017.59,21145,0,100,0,100,0,0
gpu_async,4,8,512,1.073799,39.19,31884232,5017.59,21145,0,100,0,100,0,0
gpu_async,4,8,1024,.661539,63.62,31884232,5017.59,21145,0,100,0,100,0,0
gpu_async,4,8,2048,.449313,93.67,31884232,5017.59,21145,0,100,0,100,0,0
gpu_async,4,8,4096,.345465,121.83,31884232,5017.59,21145,0,100,0,100,0,0
gpu_async,4,8,16384,.300317,140.15,31884232,5017.59,21145,0,100,0,100,0,0
gpu_async,4,8,65536,.299557,140.50,31884232,5017.59,21145,0,100,0,100,0,0
gpu_async,4,8,131072,.300500,140.06,31884232,5017.59,21145,0,100,0,100,0,0
gpu_async,4,8,262144,.303361,138.74,31884232,5017.59,21145,0,100,0,100,0,0
gpu_async,4,16,128,3.649564,11.53,31884232,5017.59,21145,0,100,0,100,0,0
gpu_async,4,16,256,2.111260,19.93,31884232,5017.59,21145,0,100,0,100,0,0
gpu_async,4,16,512,1.236026,34.05,31884232,5017.59,21145,0,100,0,100,0,0
gpu_async,4,16,1024,.755073,55.74,31884232,5017.59,21145,0,100,0,100,0,0
gpu_async,4,16,2048,.478934,87.88,31884232,5017.59,21145,0,100,0,100,0,0
gpu_async,4,16,4096,.320563,131.30,31884232,5017.59,21145,0,100,0,100,0,0
gpu_async,4,16,16384,.220161,191.18,31884232,5017.59,21145,0,100,0,100,0,0
gpu_async,4,16,65536,.214305,196.40,31884232,5017.59,21145,0,100,0,100,0,0
gpu_async,4,16,131072,.213178,197.44,31884232,5017.59,21145,0,100,0,100,0,0
gpu_async,4,16,262144,.215743,195.09,31884232,5017.59,21145,0,100,0,100,0,0
gpu_async,4,32,128,4.194457,10.03,31884232,5017.59,21145,0,100,0,100,0,0
gpu_async,4,32,256,2.432111,17.30,31884232,5017.59,21145,0,100,0,100,0,0
gpu_async,4,32,512,1.419447,29.65,31884232,5017.59,21145,0,100,0,100,0,0
gpu_async,4,32,1024,.856774,49.12,31884232,5017.59,21145,0,100,0,100,0,0
gpu_async,4,32,2048,.533661,78.87,31884232,5017.59,21145,0,100,0,100,0,0
gpu_async,4,32,4096,.342590,122.86,31884232,5017.59,21145,0,100,0,100,0,0
gpu_async,4,32,16384,.202526,207.82,31884232,5017.59,21145,0,100,0,100,0,0
gpu_async,4,32,65536,.191705,219.55,31884232,5017.59,21145,0,100,0,100,0,0
gpu_async,4,32,131072,.189118,222.56,31884232,5017.59,21145,0,100,0,100,0,0
gpu_async,4,32,262144,.183378,229.52,31884232,5017.59,21145,0,100,0,100,0,0
gpu_async,4,64,128,4.177047,10.07,31884232,5017.59,21145,0,100,0,100,0,0
gpu_async,4,64,256,2.414240,17.43,31884232,5017.59,21145,0,100,0,100,0,0
gpu_async,4,64,512,1.414091,29.76,31884232,5017.59,21145,0,100,0,100,0,0
gpu_async,4,64,1024,.854082,49.28,31884232,5017.59,21145,0,100,0,100,0,0
gpu_async,4,64,2048,.533311,78.92,31884232,5017.59,21145,0,100,0,100,0,0
gpu_async,4,64,4096,.341747,123.16,31884232,5017.59,21145,0,100,0,100,0,0
gpu_async,4,64,16384,.203785,206.54,31884232,5017.59,21145,0,100,0,100,0,0
gpu_async,4,64,65536,.279908,150.37,31884232,5017.59,21145,0,100,0,100,0,0
gpu_async,4,64,131072,.276763,152.08,31884232,5017.59,21145,0,100,0,100,0,0
gpu_async,4,64,262144,.278270,151.25,31884232,5017.59,21145,0,100,0,100,0,0
gpu_async,4,128,128,4.196757,10.02,31884232,5017.59,21145,0,100,0,100,0,0
gpu_async,4,128,256,2.418071,17.40,31884232,5017.59,21145,0,100,0,100,0,0
gpu_async,4,128,512,1.413976,29.76,31884232,5017.59,21145,0,100,0,100,0,0
gpu_async,4,128,1024,.851552,49.42,31884232,5017.59,21145,0,100,0,100,0,0
gpu_async,4,128,2048,.532200,79.08,31884232,5017.59,21145,0,100,0,100,0,0
gpu_async,4,128,4096,.342272,122.97,31884232,5017.59,21145,0,100,0,100,0,0
gpu_async,4,128,16384,.207792,202.56,31884232,5017.59,21145,0,100,0,100,0,0
gpu_async,4,128,65536,.601828,69.93,31884232,5017.59,21145,0,100,0,100,0,0
gpu_async,4,128,131072,.610992,68.88,31884232,5017.59,21145,0,100,0,100,0,0
gpu_async,4,128,262144,.614839,68.45,31884232,5017.59,21145,0,100,0,100,0,0
gpu_async,4,256,128,4.191858,10.04,31884232,5017.59,21145,0,100,0,100,0,0
gpu_async,4,256,256,2.443753,17.22,31884232,5017.59,21145,0,100,0,100,0,0
gpu_async,4,256,512,1.422351,29.59,31884232,5017.59,21145,0,100,0,100,0,0
gpu_async,4,256,1024,.857306,49.09,31884232,5017.59,21145,0,100,0,100,0,0
gpu_async,4,256,2048,.531477,79.19,31884232,5017.59,21145,0,100,0,100,0,0
gpu_async,4,256,4096,.340784,123.51,31884232,5017.59,21145,0,100,0,100,0,0
gpu_async,4,256,16384,.205198,205.12,31884232,5017.59,21145,0,100,0,100,0,0
gpu_async,4,256,65536,.490288,85.84,31884232,5017.59,21145,0,100,0,100,0,0
gpu_async,4,256,131072,.488886,86.09,31884232,5017.59,21145,0,100,0,100,0,0
gpu_async,4,256,262144,.490469,85.81,31884232,5017.59,21145,0,100,0,100,0,0
gpu_async,4,512,128,4.190203,10.04,31884232,5017.59,21145,0,100,0,100,0,0
gpu_async,4,512,256,2.443394,17.22,31884232,5017.59,21145,0,100,0,100,0,0
gpu_async,4,512,512,1.456524,28.89,31884232,5017.59,21145,0,100,0,100,0,0
gpu_async,4,512,1024,.873389,48.19,31884232,5017.59,21145,0,100,0,100,0,0
gpu_async,4,512,2048,.538966,78.09,31884232,5017.59,21145,0,100,0,100,0,0
gpu_async,4,512,4096,.342054,123.05,31884232,5017.59,21145,0,100,0,100,0,0
gpu_async,4,512,16384,.209926,200.50,31884232,5017.59,21145,0,100,0,100,0,0
gpu_async,4,512,65536,.368671,114.16,31884232,5017.59,21145,0,100,0,100,0,0
gpu_async,4,512,131072,.366722,114.77,31884232,5017.59,21145,0,100,0,100,0,0
gpu_async,4,512,262144,.364523,115.46,31884232,5017.59,21145,0,100,0,100,0,0
gpu_async,4,1024,128,4.363641,9.64,31884232,5017.59,21145,0,100,0,100,0,0
gpu_async,4,1024,256,2.559846,16.44,31884232,5017.59,21145,0,100,0,100,0,0
gpu_async,4,1024,512,1.596952,26.35,31884232,5017.59,21145,0,100,0,100,0,0
gpu_async,4,1024,1024,1.020366,41.25,31884232,5017.59,21145,0,100,0,100,0,0
gpu_async,4,1024,2048,.624517,67.39,31884232,5017.59,21145,0,100,0,100,0,0
gpu_async,4,1024,4096,.392323,107.28,31884232,5017.59,21145,0,100,0,100,0,0
gpu_async,4,1024,16384,.225670,186.51,31884232,5017.59,21145,0,100,0,100,0,0
gpu_async,4,1024,65536,.221832,189.74,31884232,5017.59,21145,0,100,0,100,0,0
gpu_async,4,1024,131072,.217536,193.48,31884232,5017.59,21145,0,100,0,100,0,0
gpu_async,4,1024,262144,.215692,195.14,31884232,5017.59,21145,0,100,0,100,0,0
gpu_async,4,2048,128,.283518,148.45,0,5017.59,21145,0,100,0,100,0,0
gpu_async,4,2048,256,.229434,183.45,0,5017.59,21145,0,100,0,100,0,0
gpu_async,4,2048,512,.201593,208.79,0,5017.59,21145,0,100,0,100,0,0
gpu_async,4,2048,1024,.187915,223.98,0,5017.59,21145,0,100,0,100,0,0
gpu_async,4,2048,2048,.180371,233.35,0,5017.59,21145,0,100,0,100,0,0
gpu_async,4,2048,4096,.176373,238.64,0,5017.59,21145,0,100,0,100,0,0
gpu_async,4,2048,16384,.173072,243.19,0,5017.59,21145,0,100,0,100,0,0
gpu_async,4,2048,65536,.171849,244.92,0,5017.59,21145,0,100,0,100,0,0
gpu_async,4,2048,131072,.171629,245.24,0,5017.59,21145,0,100,0,100,0,0
gpu_async,4,2048,262144,.171410,245.55,0,5017.59,21145,0,100,0,100,0,0
gpu_async,5,4,128,2.275414,18.49,31884232,5017.59,21145,0,100,0,100,0,0
gpu_async,5,4,256,1.329709,31.65,31884232,5017.59,21145,0,100,0,100,0,0
gpu_async,5,4,512,.799978,52.61,31884232,5017.59,21145,0,100,0,100,0,0
gpu_async,5,4,1024,.558116,75.41,31884232,5017.59,21145,0,100,0,100,0,0
gpu_async,5,4,2048,.461257,91.25,31884232,5017.59,21145,0,100,0,100,0,0
gpu_async,5,4,4096,.428263,98.28,31884232,5017.59,21145,0,100,0,100,0,0
gpu_async,5,4,16384,.414225,101.61,31884232,5017.59,21145,0,100,0,100,0,0
gpu_async,5,4,65536,.413740,101.73,31884232,5017.59,21145,0,100,0,100,0,0
gpu_async,5,4,131072,.415274,101.35,31884232,5017.59,21145,0,100,0,100,0,0
gpu_async,5,4,262144,.417819,100.73,31884232,5017.59,21145,0,100,0,100,0,0
gpu_async,5,8,128,2.728967,15.42,31884232,5017.59,21145,0,100,0,100,0,0
gpu_async,5,8,256,1.590506,26.46,31884232,5017.59,21145,0,100,0,100,0,0
gpu_async,5,8,512,.937382,44.90,31884232,5017.59,21145,0,100,0,100,0,0
gpu_async,5,8,1024,.575003,73.20,31884232,5017.59,21145,0,100,0,100,0,0
gpu_async,5,8,2048,.391912,107.39,31884232,5017.59,21145,0,100,0,100,0,0
gpu_async,5,8,4096,.323789,129.99,31884232,5017.59,21145,0,100,0,100,0,0
gpu_async,5,8,16384,.298632,140.94,31884232,5017.59,21145,0,100,0,100,0,0
gpu_async,5,8,65536,.298983,140.77,31884232,5017.59,21145,0,100,0,100,0,0
gpu_async,5,8,131072,.299420,140.57,31884232,5017.59,21145,0,100,0,100,0,0
gpu_async,5,8,262144,.303579,138.64,31884232,5017.59,21145,0,100,0,100,0,0
gpu_async,5,16,128,3.162801,13.30,31884232,5017.59,21145,0,100,0,100,0,0
gpu_async,5,16,256,1.840947,22.86,31884232,5017.59,21145,0,100,0,100,0,0
gpu_async,5,16,512,1.081048,38.93,31884232,5017.59,21145,0,100,0,100,0,0
gpu_async,5,16,1024,.651166,64.63,31884232,5017.59,21145,0,100,0,100,0,0
gpu_async,5,16,2048,.404996,103.92,31884232,5017.59,21145,0,100,0,100,0,0
gpu_async,5,16,4096,.276431,152.26,31884232,5017.59,21145,0,100,0,100,0,0
gpu_async,5,16,16384,.216599,194.32,31884232,5017.59,21145,0,100,0,100,0,0
gpu_async,5,16,65536,.212773,197.81,31884232,5017.59,21145,0,100,0,100,0,0
gpu_async,5,16,131072,.212962,197.64,31884232,5017.59,21145,0,100,0,100,0,0
gpu_async,5,16,262144,.216155,194.72,31884232,5017.59,21145,0,100,0,100,0,0
gpu_async,5,32,128,3.633801,11.58,31884232,5017.59,21145,0,100,0,100,0,0
gpu_async,5,32,256,2.117272,19.87,31884232,5017.59,21145,0,100,0,100,0,0
gpu_async,5,32,512,1.235724,34.06,31884232,5017.59,21145,0,100,0,100,0,0
gpu_async,5,32,1024,.734354,57.31,31884232,5017.59,21145,0,100,0,100,0,0
gpu_async,5,32,2048,.447486,94.06,31884232,5017.59,21145,0,100,0,100,0,0
gpu_async,5,32,4096,.289793,145.24,31884232,5017.59,21145,0,100,0,100,0,0
gpu_async,5,32,16384,.199173,211.32,31884232,5017.59,21145,0,100,0,100,0,0
gpu_async,5,32,65536,.193057,218.02,31884232,5017.59,21145,0,100,0,100,0,0
gpu_async,5,32,131072,.188966,222.74,31884232,5017.59,21145,0,100,0,100,0,0
gpu_async,5,32,262144,.184082,228.65,31884232,5017.59,21145,0,100,0,100,0,0
gpu_async,5,64,128,3.617179,11.63,31884232,5017.59,21145,0,100,0,100,0,0
gpu_async,5,64,256,2.109931,19.94,31884232,5017.59,21145,0,100,0,100,0,0
gpu_async,5,64,512,1.231668,34.17,31884232,5017.59,21145,0,100,0,100,0,0
gpu_async,5,64,1024,.732395,57.46,31884232,5017.59,21145,0,100,0,100,0,0
gpu_async,5,64,2048,.446613,94.24,31884232,5017.59,21145,0,100,0,100,0,0
gpu_async,5,64,4096,.289276,145.50,31884232,5017.59,21145,0,100,0,100,0,0
gpu_async,5,64,16384,.199818,210.64,31884232,5017.59,21145,0,100,0,100,0,0
gpu_async,5,64,65536,.276517,152.21,31884232,5017.59,21145,0,100,0,100,0,0
gpu_async,5,64,131072,.273726,153.76,31884232,5017.59,21145,0,100,0,100,0,0
gpu_async,5,64,262144,.271927,154.78,31884232,5017.59,21145,0,100,0,100,0,0
gpu_async,5,128,128,3.630095,11.59,31884232,5017.59,21145,0,100,0,100,0,0
gpu_async,5,128,256,2.110877,19.93,31884232,5017.59,21145,0,100,0,100,0,0
gpu_async,5,128,512,1.231644,34.17,31884232,5017.59,21145,0,100,0,100,0,0
gpu_async,5,128,1024,.732479,57.46,31884232,5017.59,21145,0,100,0,100,0,0
gpu_async,5,128,2048,.446230,94.32,31884232,5017.59,21145,0,100,0,100,0,0
gpu_async,5,128,4096,.288067,146.11,31884232,5017.59,21145,0,100,0,100,0,0
gpu_async,5,128,16384,.207964,202.39,31884232,5017.59,21145,0,100,0,100,0,0
gpu_async,5,128,65536,.602581,69.85,31884232,5017.59,21145,0,100,0,100,0,0
gpu_async,5,128,131072,.613168,68.64,31884232,5017.59,21145,0,100,0,100,0,0
gpu_async,5,128,262144,.605329,69.53,31884232,5017.59,21145,0,100,0,100,0,0
gpu_async,5,256,128,3.625558,11.60,31884232,5017.59,21145,0,100,0,100,0,0
gpu_async,5,256,256,2.130833,19.75,31884232,5017.59,21145,0,100,0,100,0,0
gpu_async,5,256,512,1.240864,33.92,31884232,5017.59,21145,0,100,0,100,0,0
gpu_async,5,256,1024,.734332,57.31,31884232,5017.59,21145,0,100,0,100,0,0
gpu_async,5,256,2048,.444526,94.68,31884232,5017.59,21145,0,100,0,100,0,0
gpu_async,5,256,4096,.287183,146.56,31884232,5017.59,21145,0,100,0,100,0,0
gpu_async,5,256,16384,.201146,209.25,31884232,5017.59,21145,0,100,0,100,0,0
gpu_async,5,256,65536,.482936,87.15,31884232,5017.59,21145,0,100,0,100,0,0
gpu_async,5,256,131072,.485632,86.67,31884232,5017.59,21145,0,100,0,100,0,0
gpu_async,5,256,262144,.485351,86.72,31884232,5017.59,21145,0,100,0,100,0,0
gpu_async,5,512,128,3.625841,11.60,31884232,5017.59,21145,0,100,0,100,0,0
gpu_async,5,512,256,2.130317,19.75,31884232,5017.59,21145,0,100,0,100,0,0
gpu_async,5,512,512,1.269261,33.16,31884232,5017.59,21145,0,100,0,100,0,0
gpu_async,5,512,1024,.748784,56.21,31884232,5017.59,21145,0,100,0,100,0,0
gpu_async,5,512,2048,.451751,93.17,31884232,5017.59,21145,0,100,0,100,0,0
gpu_async,5,512,4096,.289083,145.60,31884232,5017.59,21145,0,100,0,100,0,0
gpu_async,5,512,16384,.212181,198.37,31884232,5017.59,21145,0,100,0,100,0,0
gpu_async,5,512,65536,.369528,113.90,31884232,5017.59,21145,0,100,0,100,0,0
gpu_async,5,512,131072,.365722,115.08,31884232,5017.59,21145,0,100,0,100,0,0
gpu_async,5,512,262144,.371487,113.30,31884232,5017.59,21145,0,100,0,100,0,0
gpu_async,5,1024,128,3.812378,11.04,31884232,5017.59,21145,0,100,0,100,0,0
gpu_async,5,1024,256,2.229096,18.88,31884232,5017.59,21145,0,100,0,100,0,0
gpu_async,5,1024,512,1.383949,30.41,31884232,5017.59,21145,0,100,0,100,0,0
gpu_async,5,1024,1024,.875383,48.08,31884232,5017.59,21145,0,100,0,100,0,0
gpu_async,5,1024,2048,.523137,80.45,31884232,5017.59,21145,0,100,0,100,0,0
gpu_async,5,1024,4096,.327928,128.35,31884232,5017.59,21145,0,100,0,100,0,0
gpu_async,5,1024,16384,.228593,184.12,31884232,5017.59,21145,0,100,0,100,0,0
gpu_async,5,1024,65536,.221395,190.11,31884232,5017.59,21145,0,100,0,100,0,0
gpu_async,5,1024,131072,.219963,191.35,31884232,5017.59,21145,0,100,0,100,0,0
gpu_async,5,1024,262144,.213587,197.06,31884232,5017.59,21145,0,100,0,100,0,0
gpu_async,5,2048,128,.277466,151.69,0,5017.59,21145,0,100,0,100,0,0
gpu_async,5,2048,256,.225965,186.27,0,5017.59,21145,0,100,0,100,0,0
gpu_async,5,2048,512,.200128,210.31,0,5017.59,21145,0,100,0,100,0,0
gpu_async,5,2048,1024,.186480,225.71,0,5017.59,21145,0,100,0,100,0,0
gpu_async,5,2048,2048,.179365,234.66,0,5017.59,21145,0,100,0,100,0,0
gpu_async,5,2048,4096,.175730,239.51,0,5017.59,21145,0,100,0,100,0,0
gpu_async,5,2048,16384,.172822,243.54,0,5017.59,21145,0,100,0,100,0,0
gpu_async,5,2048,65536,.171801,244.99,0,5017.59,21145,0,100,0,100,0,0
gpu_async,5,2048,131072,.171641,245.22,0,5017.59,21145,0,100,0,100,0,0
gpu_async,5,2048,262144,.171375,245.60,0,5017.59,21145,0,100,0,100,0,0
gpu_async,6,4,128,1.934168,21.76,31884232,5017.59,21145,0,100,0,100,0,0
gpu_async,6,4,256,1.157001,36.37,31884232,5017.59,21145,0,100,0,100,0,0
gpu_async,6,4,512,.697313,60.36,31884232,5017.59,21145,0,100,0,100,0,0
gpu_async,6,4,1024,.509266,82.64,31884232,5017.59,21145,0,100,0,100,0,0
gpu_async,6,4,2048,.447888,93.97,31884232,5017.59,21145,0,100,0,100,0,0
gpu_async,6,4,4096,.421270,99.91,31884232,5017.59,21145,0,100,0,100,0,0
gpu_async,6,4,16384,.412065,102.14,31884232,5017.59,21145,0,100,0,100,0,0
gpu_async,6,4,65536,.413941,101.68,31884232,5017.59,21145,0,100,0,100,0,0
gpu_async,6,4,131072,.415788,101.23,31884232,5017.59,21145,0,100,0,100,0,0
gpu_async,6,4,262144,.419070,100.43,31884232,5017.59,21145,0,100,0,100,0,0
gpu_async,6,8,128,2.312914,18.19,31884232,5017.59,21145,0,100,0,100,0,0
gpu_async,6,8,256,1.377625,30.55,31884232,5017.59,21145,0,100,0,100,0,0
gpu_async,6,8,512,.804722,52.30,31884232,5017.59,21145,0,100,0,100,0,0
gpu_async,6,8,1024,.495090,85.01,31884232,5017.59,21145,0,100,0,100,0,0
gpu_async,6,8,2048,.358058,117.55,31884232,5017.59,21145,0,100,0,100,0,0
gpu_async,6,8,4096,.315954,133.21,31884232,5017.59,21145,0,100,0,100,0,0
gpu_async,6,8,16384,.297311,141.57,31884232,5017.59,21145,0,100,0,100,0,0
gpu_async,6,8,65536,.298652,140.93,31884232,5017.59,21145,0,100,0,100,0,0
gpu_async,6,8,131072,.300247,140.18,31884232,5017.59,21145,0,100,0,100,0,0
gpu_async,6,8,262144,.303477,138.69,31884232,5017.59,21145,0,100,0,100,0,0
gpu_async,6,16,128,2.677113,15.72,31884232,5017.59,21145,0,100,0,100,0,0
gpu_async,6,16,256,1.594050,26.40,31884232,5017.59,21145,0,100,0,100,0,0
gpu_async,6,16,512,.925888,45.45,31884232,5017.59,21145,0,100,0,100,0,0
gpu_async,6,16,1024,.550403,76.47,31884232,5017.59,21145,0,100,0,100,0,0
gpu_async,6,16,2048,.350900,119.95,31884232,5017.59,21145,0,100,0,100,0,0
gpu_async,6,16,4096,.250223,168.21,31884232,5017.59,21145,0,100,0,100,0,0
gpu_async,6,16,16384,.214871,195.88,31884232,5017.59,21145,0,100,0,100,0,0
gpu_async,6,16,65536,.210614,199.84,31884232,5017.59,21145,0,100,0,100,0,0
gpu_async,6,16,131072,.212753,197.83,31884232,5017.59,21145,0,100,0,100,0,0
gpu_async,6,16,262144,.215482,195.33,31884232,5017.59,21145,0,100,0,100,0,0
gpu_async,6,32,128,3.068185,13.71,31884232,5017.59,21145,0,100,0,100,0,0
gpu_async,6,32,256,1.830478,22.99,31884232,5017.59,21145,0,100,0,100,0,0
gpu_async,6,32,512,1.054752,39.90,31884232,5017.59,21145,0,100,0,100,0,0
gpu_async,6,32,1024,.619883,67.90,31884232,5017.59,21145,0,100,0,100,0,0
gpu_async,6,32,2048,.383451,109.76,31884232,5017.59,21145,0,100,0,100,0,0
gpu_async,6,32,4096,.255130,164.97,31884232,5017.59,21145,0,100,0,100,0,0
gpu_async,6,32,16384,.196069,214.67,31884232,5017.59,21145,0,100,0,100,0,0
gpu_async,6,32,65536,.191305,220.01,31884232,5017.59,21145,0,100,0,100,0,0
gpu_async,6,32,131072,.186947,225.14,31884232,5017.59,21145,0,100,0,100,0,0
gpu_async,6,32,262144,.180695,232.93,31884232,5017.59,21145,0,100,0,100,0,0
gpu_async,6,64,128,3.050254,13.79,31884232,5017.59,21145,0,100,0,100,0,0
gpu_async,6,64,256,1.825511,23.05,31884232,5017.59,21145,0,100,0,100,0,0
gpu_async,6,64,512,1.053784,39.94,31884232,5017.59,21145,0,100,0,100,0,0
gpu_async,6,64,1024,.618515,68.05,31884232,5017.59,21145,0,100,0,100,0,0
gpu_async,6,64,2048,.383190,109.84,31884232,5017.59,21145,0,100,0,100,0,0
gpu_async,6,64,4096,.255112,164.98,31884232,5017.59,21145,0,100,0,100,0,0
gpu_async,6,64,16384,.197458,213.16,31884232,5017.59,21145,0,100,0,100,0,0
gpu_async,6,64,65536,.274804,153.16,31884232,5017.59,21145,0,100,0,100,0,0
gpu_async,6,64,131072,.270106,155.83,31884232,5017.59,21145,0,100,0,100,0,0
gpu_async,6,64,262144,.271747,154.88,31884232,5017.59,21145,0,100,0,100,0,0
gpu_async,6,128,128,3.076203,13.68,31884232,5017.59,21145,0,100,0,100,0,0
gpu_async,6,128,256,1.828189,23.02,31884232,5017.59,21145,0,100,0,100,0,0
gpu_async,6,128,512,1.056533,39.83,31884232,5017.59,21145,0,100,0,100,0,0
gpu_async,6,128,1024,.619004,67.99,31884232,5017.59,21145,0,100,0,100,0,0
gpu_async,6,128,2048,.383520,109.74,31884232,5017.59,21145,0,100,0,100,0,0
gpu_async,6,128,4096,.254780,165.20,31884232,5017.59,21145,0,100,0,100,0,0
gpu_async,6,128,16384,.201833,208.54,31884232,5017.59,21145,0,100,0,100,0,0
gpu_async,6,128,65536,.612410,68.72,31884232,5017.59,21145,0,100,0,100,0,0
gpu_async,6,128,131072,.601265,70.00,31884232,5017.59,21145,0,100,0,100,0,0
gpu_async,6,128,262144,.605367,69.52,31884232,5017.59,21145,0,100,0,100,0,0
gpu_async,6,256,128,3.071975,13.70,31884232,5017.59,21145,0,100,0,100,0,0
gpu_async,6,256,256,1.847017,22.78,31884232,5017.59,21145,0,100,0,100,0,0
gpu_async,6,256,512,1.062338,39.62,31884232,5017.59,21145,0,100,0,100,0,0
gpu_async,6,256,1024,.618939,68.00,31884232,5017.59,21145,0,100,0,100,0,0
gpu_async,6,256,2048,.382848,109.94,31884232,5017.59,21145,0,100,0,100,0,0
gpu_async,6,256,4096,.254264,165.53,31884232,5017.59,21145,0,100,0,100,0,0
gpu_async,6,256,16384,.200047,210.40,31884232,5017.59,21145,0,100,0,100,0,0
gpu_async,6,256,65536,.479946,87.69,31884232,5017.59,21145,0,100,0,100,0,0
gpu_async,6,256,131072,.485013,86.78,31884232,5017.59,21145,0,100,0,100,0,0
gpu_async,6,256,262144,.485741,86.65,31884232,5017.59,21145,0,100,0,100,0,0
gpu_async,6,512,128,3.071940,13.70,31884232,5017.59,21145,0,100,0,100,0,0
gpu_async,6,512,256,1.847216,22.78,31884232,5017.59,21145,0,100,0,100,0,0
gpu_async,6,512,512,1.088592,38.66,31884232,5017.59,21145,0,100,0,100,0,0
gpu_async,6,512,1024,.629587,66.85,31884232,5017.59,21145,0,100,0,100,0,0
gpu_async,6,512,2048,.385842,109.08,31884232,5017.59,21145,0,100,0,100,0,0
gpu_async,6,512,4096,.255905,164.47,31884232,5017.59,21145,0,100,0,100,0,0
gpu_async,6,512,16384,.225882,186.33,31884232,5017.59,21145,0,100,0,100,0,0
gpu_async,6,512,65536,.370102,113.72,31884232,5017.59,21145,0,100,0,100,0,0
gpu_async,6,512,131072,.368044,114.36,31884232,5017.59,21145,0,100,0,100,0,0
gpu_async,6,512,262144,.362659,116.06,31884232,5017.59,21145,0,100,0,100,0,0
gpu_async,6,1024,128,3.209799,13.11,31884232,5017.59,21145,0,100,0,100,0,0
gpu_async,6,1024,256,1.938637,21.71,31884232,5017.59,21145,0,100,0,100,0,0
gpu_async,6,1024,512,1.190034,35.36,31884232,5017.59,21145,0,100,0,100,0,0
gpu_async,6,1024,1024,.740054,56.87,31884232,5017.59,21145,0,100,0,100,0,0
gpu_async,6,1024,2048,.448573,93.83,31884232,5017.59,21145,0,100,0,100,0,0
gpu_async,6,1024,4096,.286251,147.04,31884232,5017.59,21145,0,100,0,100,0,0
gpu_async,6,1024,16384,.232928,180.70,31884232,5017.59,21145,0,100,0,100,0,0
gpu_async,6,1024,65536,.220474,190.90,31884232,5017.59,21145,0,100,0,100,0,0
gpu_async,6,1024,131072,.218244,192.86,31884232,5017.59,21145,0,100,0,100,0,0
gpu_async,6,1024,262144,.213111,197.50,31884232,5017.59,21145,0,100,0,100,0,0
gpu_async,6,2048,128,.284087,148.16,0,5017.59,21145,0,100,0,100,0,0
gpu_async,6,2048,256,.227242,185.22,0,5017.59,21145,0,100,0,100,0,0
gpu_async,6,2048,512,.200241,210.19,0,5017.59,21145,0,100,0,100,0,0
gpu_async,6,2048,1024,.186511,225.67,0,5017.59,21145,0,100,0,100,0,0
gpu_async,6,2048,2048,.179412,234.60,0,5017.59,21145,0,100,0,100,0,0
gpu_async,6,2048,4096,.175826,239.38,0,5017.59,21145,0,100,0,100,0,0
gpu_async,6,2048,16384,.172861,243.49,0,5017.59,21145,0,100,0,100,0,0
gpu_async,6,2048,65536,.171842,244.93,0,5017.59,21145,0,100,0,100,0,0
gpu_async,6,2048,131072,.171638,245.22,0,5017.59,21145,0,100,0,100,0,0
gpu_async,6,2048,262144,.171394,245.57,0,5017.59,21145,0,100,0,100,0,0
gpu_async,7,4,128,1.714028,24.55,31884232,5017.59,21145,0,100,0,100,0,0
gpu_async,7,4,256,1.015225,41.45,31884232,5017.59,21145,0,100,0,100,0,0
gpu_async,7,4,512,.638641,65.90,31884232,5017.59,21145,0,100,0,100,0,0
gpu_async,7,4,1024,.484999,86.78,31884232,5017.59,21145,0,100,0,100,0,0
gpu_async,7,4,2048,.437445,96.21,31884232,5017.59,21145,0,100,0,100,0,0
gpu_async,7,4,4096,.416136,101.14,31884232,5017.59,21145,0,100,0,100,0,0
gpu_async,7,4,16384,.413704,101.74,31884232,5017.59,21145,0,100,0,100,0,0
gpu_async,7,4,65536,.413280,101.84,31884232,5017.59,21145,0,100,0,100,0,0
gpu_async,7,4,131072,.415962,101.18,31884232,5017.59,21145,0,100,0,100,0,0
gpu_async,7,4,262144,.418194,100.64,31884232,5017.59,21145,0,100,0,100,0,0
gpu_async,7,8,128,2.049065,20.54,31884232,5017.59,21145,0,100,0,100,0,0
gpu_async,7,8,256,1.209974,34.78,31884232,5017.59,21145,0,100,0,100,0,0
gpu_async,7,8,512,.720649,58.40,31884232,5017.59,21145,0,100,0,100,0,0
gpu_async,7,8,1024,.445491,94.48,31884232,5017.59,21145,0,100,0,100,0,0
gpu_async,7,8,2048,.342094,123.03,31884232,5017.59,21145,0,100,0,100,0,0
gpu_async,7,8,4096,.310522,135.54,31884232,5017.59,21145,0,100,0,100,0,0
gpu_async,7,8,16384,.298222,141.13,31884232,5017.59,21145,0,100,0,100,0,0
gpu_async,7,8,65536,.298188,141.15,31884232,5017.59,21145,0,100,0,100,0,0
gpu_async,7,8,131072,.299893,140.35,31884232,5017.59,21145,0,100,0,100,0,0
gpu_async,7,8,262144,.303331,138.76,31884232,5017.59,21145,0,100,0,100,0,0
gpu_async,7,16,128,2.371004,17.75,31884232,5017.59,21145,0,100,0,100,0,0
gpu_async,7,16,256,1.397963,30.10,31884232,5017.59,21145,0,100,0,100,0,0
gpu_async,7,16,512,.823884,51.08,31884232,5017.59,21145,0,100,0,100,0,0
gpu_async,7,16,1024,.487411,86.35,31884232,5017.59,21145,0,100,0,100,0,0
gpu_async,7,16,2048,.317462,132.58,31884232,5017.59,21145,0,100,0,100,0,0
gpu_async,7,16,4096,.239606,175.66,31884232,5017.59,21145,0,100,0,100,0,0
gpu_async,7,16,16384,.215521,195.29,31884232,5017.59,21145,0,100,0,100,0,0
gpu_async,7,16,65536,.211155,199.33,31884232,5017.59,21145,0,100,0,100,0,0
gpu_async,7,16,131072,.213978,196.70,31884232,5017.59,21145,0,100,0,100,0,0
gpu_async,7,16,262144,.216211,194.67,31884232,5017.59,21145,0,100,0,100,0,0
gpu_async,7,32,128,2.724646,15.44,31884232,5017.59,21145,0,100,0,100,0,0
gpu_async,7,32,256,1.609368,26.15,31884232,5017.59,21145,0,100,0,100,0,0
gpu_async,7,32,512,.936984,44.92,31884232,5017.59,21145,0,100,0,100,0,0
gpu_async,7,32,1024,.548024,76.80,31884232,5017.59,21145,0,100,0,100,0,0
gpu_async,7,32,2048,.343308,122.60,31884232,5017.59,21145,0,100,0,100,0,0
gpu_async,7,32,4096,.235278,178.89,31884232,5017.59,21145,0,100,0,100,0,0
gpu_async,7,32,16384,.199131,211.37,31884232,5017.59,21145,0,100,0,100,0,0
gpu_async,7,32,65536,.193961,217.00,31884232,5017.59,21145,0,100,0,100,0,0
gpu_async,7,32,131072,.187033,225.04,31884232,5017.59,21145,0,100,0,100,0,0
gpu_async,7,32,262144,.181660,231.70,31884232,5017.59,21145,0,100,0,100,0,0
gpu_async,7,64,128,2.709991,15.53,31884232,5017.59,21145,0,100,0,100,0,0
gpu_async,7,64,256,1.603568,26.24,31884232,5017.59,21145,0,100,0,100,0,0
gpu_async,7,64,512,.935144,45.00,31884232,5017.59,21145,0,100,0,100,0,0
gpu_async,7,64,1024,.546718,76.98,31884232,5017.59,21145,0,100,0,100,0,0
gpu_async,7,64,2048,.343334,122.59,31884232,5017.59,21145,0,100,0,100,0,0
gpu_async,7,64,4096,.236156,178.23,31884232,5017.59,21145,0,100,0,100,0,0
gpu_async,7,64,16384,.199780,210.68,31884232,5017.59,21145,0,100,0,100,0,0
gpu_async,7,64,65536,.277174,151.85,31884232,5017.59,21145,0,100,0,100,0,0
gpu_async,7,64,131072,.269932,155.93,31884232,5017.59,21145,0,100,0,100,0,0
gpu_async,7,64,262144,.272154,154.65,31884232,5017.59,21145,0,100,0,100,0,0
gpu_async,7,128,128,2.725169,15.44,31884232,5017.59,21145,0,100,0,100,0,0
gpu_async,7,128,256,1.604165,26.23,31884232,5017.59,21145,0,100,0,100,0,0
gpu_async,7,128,512,.935120,45.01,31884232,5017.59,21145,0,100,0,100,0,0
gpu_async,7,128,1024,.547026,76.94,31884232,5017.59,21145,0,100,0,100,0,0
gpu_async,7,128,2048,.341840,123.12,31884232,5017.59,21145,0,100,0,100,0,0
gpu_async,7,128,4096,.235792,178.50,31884232,5017.59,21145,0,100,0,100,0,0
gpu_async,7,128,16384,.205671,204.65,31884232,5017.59,21145,0,100,0,100,0,0
gpu_async,7,128,65536,.613117,68.65,31884232,5017.59,21145,0,100,0,100,0,0
gpu_async,7,128,131072,.604113,69.67,31884232,5017.59,21145,0,100,0,100,0,0
gpu_async,7,128,262144,.606181,69.43,31884232,5017.59,21145,0,100,0,100,0,0
gpu_async,7,256,128,2.719825,15.47,31884232,5017.59,21145,0,100,0,100,0,0
gpu_async,7,256,256,1.620612,25.97,31884232,5017.59,21145,0,100,0,100,0,0
gpu_async,7,256,512,.940074,44.77,31884232,5017.59,21145,0,100,0,100,0,0
gpu_async,7,256,1024,.546420,77.02,31884232,5017.59,21145,0,100,0,100,0,0
gpu_async,7,256,2048,.341848,123.12,31884232,5017.59,21145,0,100,0,100,0,0
gpu_async,7,256,4096,.235228,178.93,31884232,5017.59,21145,0,100,0,100,0,0
gpu_async,7,256,16384,.202008,208.36,31884232,5017.59,21145,0,100,0,100,0,0
gpu_async,7,256,65536,.487739,86.29,31884232,5017.59,21145,0,100,0,100,0,0
gpu_async,7,256,131072,.480305,87.63,31884232,5017.59,21145,0,100,0,100,0,0
gpu_async,7,256,262144,.484769,86.82,31884232,5017.59,21145,0,100,0,100,0,0
gpu_async,7,512,128,2.718386,15.48,31884232,5017.59,21145,0,100,0,100,0,0
gpu_async,7,512,256,1.622083,25.94,31884232,5017.59,21145,0,100,0,100,0,0
gpu_async,7,512,512,.961248,43.78,31884232,5017.59,21145,0,100,0,100,0,0
gpu_async,7,512,1024,.555789,75.73,31884232,5017.59,21145,0,100,0,100,0,0
gpu_async,7,512,2048,.344124,122.31,31884232,5017.59,21145,0,100,0,100,0,0
gpu_async,7,512,4096,.238152,176.73,31884232,5017.59,21145,0,100,0,100,0,0
gpu_async,7,512,16384,.232130,181.32,31884232,5017.59,21145,0,100,0,100,0,0
gpu_async,7,512,65536,.366991,114.69,31884232,5017.59,21145,0,100,0,100,0,0
gpu_async,7,512,131072,.362198,116.20,31884232,5017.59,21145,0,100,0,100,0,0
gpu_async,7,512,262144,.366346,114.89,31884232,5017.59,21145,0,100,0,100,0,0
gpu_async,7,1024,128,2.835832,14.84,31884232,5017.59,21145,0,100,0,100,0,0
gpu_async,7,1024,256,1.703567,24.70,31884232,5017.59,21145,0,100,0,100,0,0
gpu_async,7,1024,512,1.050316,40.07,31884232,5017.59,21145,0,100,0,100,0,0
gpu_async,7,1024,1024,.658822,63.88,31884232,5017.59,21145,0,100,0,100,0,0
gpu_async,7,1024,2048,.399246,105.42,31884232,5017.59,21145,0,100,0,100,0,0
gpu_async,7,1024,4096,.263528,159.71,31884232,5017.59,21145,0,100,0,100,0,0
gpu_async,7,1024,16384,.237617,177.13,31884232,5017.59,21145,0,100,0,100,0,0
gpu_async,7,1024,65536,.222565,189.11,31884232,5017.59,21145,0,100,0,100,0,0
gpu_async,7,1024,131072,.219063,192.13,31884232,5017.59,21145,0,100,0,100,0,0
gpu_async,7,1024,262144,.215908,194.94,31884232,5017.59,21145,0,100,0,100,0,0
gpu_async,7,2048,128,.283736,148.34,0,5017.59,21145,0,100,0,100,0,0
gpu_async,7,2048,256,.229656,183.27,0,5017.59,21145,0,100,0,100,0,0
gpu_async,7,2048,512,.200414,210.01,0,5017.59,21145,0,100,0,100,0,0
gpu_async,7,2048,1024,.186572,225.59,0,5017.59,21145,0,100,0,100,0,0
gpu_async,7,2048,2048,.179568,234.39,0,5017.59,21145,0,100,0,100,0,0
gpu_async,7,2048,4096,.175805,239.41,0,5017.59,21145,0,100,0,100,0,0
gpu_async,7,2048,16384,.172892,243.45,0,5017.59,21145,0,100,0,100,0,0
gpu_async,7,2048,65536,.171780,245.02,0,5017.59,21145,0,100,0,100,0,0
gpu_async,7,2048,131072,.171648,245.21,0,5017.59,21145,0,100,0,100,0,0
gpu_async,7,2048,262144,.171376,245.60,0,5017.59,21145,0,100,0,100,0,0
gpu_async,8,4,128,1.485123,28.34,31884232,5017.59,21145,0,100,0,100,0,0
gpu_async,8,4,256,.878129,47.93,31884232,5017.59,21145,0,100,0,100,0,0
gpu_async,8,4,512,.579664,72.61,31884232,5017.59,21145,0,100,0,100,0,0
gpu_async,8,4,1024,.467811,89.97,31884232,5017.59,21145,0,100,0,100,0,0
gpu_async,8,4,2048,.433210,97.15,31884232,5017.59,21145,0,100,0,100,0,0
gpu_async,8,4,4096,.417049,100.92,31884232,5017.59,21145,0,100,0,100,0,0
gpu_async,8,4,16384,.414536,101.53,31884232,5017.59,21145,0,100,0,100,0,0
gpu_async,8,4,65536,.414473,101.55,31884232,5017.59,21145,0,100,0,100,0,0
gpu_async,8,4,131072,.414462,101.55,31884232,5017.59,21145,0,100,0,100,0,0
gpu_async,8,4,262144,.419485,100.33,31884232,5017.59,21145,0,100,0,100,0,0
gpu_async,8,8,128,1.770142,23.77,31884232,5017.59,21145,0,100,0,100,0,0
gpu_async,8,8,256,1.047051,40.19,31884232,5017.59,21145,0,100,0,100,0,0
gpu_async,8,8,512,.636551,66.12,31884232,5017.59,21145,0,100,0,100,0,0
gpu_async,8,8,1024,.400674,105.04,31884232,5017.59,21145,0,100,0,100,0,0
gpu_async,8,8,2048,.330038,127.53,31884232,5017.59,21145,0,100,0,100,0,0
gpu_async,8,8,4096,.306345,137.39,31884232,5017.59,21145,0,100,0,100,0,0
gpu_async,8,8,16384,.297424,141.51,31884232,5017.59,21145,0,100,0,100,0,0
gpu_async,8,8,65536,.298043,141.22,31884232,5017.59,21145,0,100,0,100,0,0
gpu_async,8,8,131072,.300655,139.99,31884232,5017.59,21145,0,100,0,100,0,0
gpu_async,8,8,262144,.302759,139.02,31884232,5017.59,21145,0,100,0,100,0,0
gpu_async,8,16,128,2.047661,20.55,31884232,5017.59,21145,0,100,0,100,0,0
gpu_async,8,16,256,1.211713,34.73,31884232,5017.59,21145,0,100,0,100,0,0
gpu_async,8,16,512,.729438,57.70,31884232,5017.59,21145,0,100,0,100,0,0
gpu_async,8,16,1024,.432179,97.39,31884232,5017.59,21145,0,100,0,100,0,0
gpu_async,8,16,2048,.286194,147.07,31884232,5017.59,21145,0,100,0,100,0,0
gpu_async,8,16,4096,.234097,179.79,31884232,5017.59,21145,0,100,0,100,0,0
gpu_async,8,16,16384,.215620,195.20,31884232,5017.59,21145,0,100,0,100,0,0
gpu_async,8,16,65536,.210820,199.65,31884232,5017.59,21145,0,100,0,100,0,0
gpu_async,8,16,131072,.212544,198.03,31884232,5017.59,21145,0,100,0,100,0,0
gpu_async,8,16,262144,.217041,193.92,31884232,5017.59,21145,0,100,0,100,0,0
gpu_async,8,32,128,2.350829,17.90,31884232,5017.59,21145,0,100,0,100,0,0
gpu_async,8,32,256,1.391359,30.25,31884232,5017.59,21145,0,100,0,100,0,0
gpu_async,8,32,512,.833513,50.49,31884232,5017.59,21145,0,100,0,100,0,0
gpu_async,8,32,1024,.484525,86.86,31884232,5017.59,21145,0,100,0,100,0,0
gpu_async,8,32,2048,.305755,137.66,31884232,5017.59,21145,0,100,0,100,0,0
gpu_async,8,32,4096,.227160,185.29,31884232,5017.59,21145,0,100,0,100,0,0
gpu_async,8,32,16384,.199983,210.47,31884232,5017.59,21145,0,100,0,100,0,0
gpu_async,8,32,65536,.194136,216.81,31884232,5017.59,21145,0,100,0,100,0,0
gpu_async,8,32,131072,.187497,224.48,31884232,5017.59,21145,0,100,0,100,0,0
gpu_async,8,32,262144,.183298,229.62,31884232,5017.59,21145,0,100,0,100,0,0
gpu_async,8,64,128,2.334192,18.03,31884232,5017.59,21145,0,100,0,100,0,0
gpu_async,8,64,256,1.386270,30.36,31884232,5017.59,21145,0,100,0,100,0,0
gpu_async,8,64,512,.831492,50.62,31884232,5017.59,21145,0,100,0,100,0,0
gpu_async,8,64,1024,.485145,86.75,31884232,5017.59,21145,0,100,0,100,0,0
gpu_async,8,64,2048,.305775,137.65,31884232,5017.59,21145,0,100,0,100,0,0
gpu_async,8,64,4096,.227393,185.10,31884232,5017.59,21145,0,100,0,100,0,0
gpu_async,8,64,16384,.201753,208.62,31884232,5017.59,21145,0,100,0,100,0,0
gpu_async,8,64,65536,.271610,154.96,31884232,5017.59,21145,0,100,0,100,0,0
gpu_async,8,64,131072,.272892,154.23,31884232,5017.59,21145,0,100,0,100,0,0
gpu_async,8,64,262144,.271874,154.81,31884232,5017.59,21145,0,100,0,100,0,0
gpu_async,8,128,128,2.341945,17.97,31884232,5017.59,21145,0,100,0,100,0,0
gpu_async,8,128,256,1.386826,30.35,31884232,5017.59,21145,0,100,0,100,0,0
gpu_async,8,128,512,.831246,50.63,31884232,5017.59,21145,0,100,0,100,0,0
gpu_async,8,128,1024,.485115,86.76,31884232,5017.59,21145,0,100,0,100,0,0
gpu_async,8,128,2048,.305641,137.71,31884232,5017.59,21145,0,100,0,100,0,0
gpu_async,8,128,4096,.227319,185.16,31884232,5017.59,21145,0,100,0,100,0,0
gpu_async,8,128,16384,.205853,204.46,31884232,5017.59,21145,0,100,0,100,0,0
gpu_async,8,128,65536,.616405,68.28,31884232,5017.59,21145,0,100,0,100,0,0
gpu_async,8,128,131072,.602337,69.87,31884232,5017.59,21145,0,100,0,100,0,0
gpu_async,8,128,262144,.606017,69.45,31884232,5017.59,21145,0,100,0,100,0,0
gpu_async,8,256,128,2.338788,17.99,31884232,5017.59,21145,0,100,0,100,0,0
gpu_async,8,256,256,1.398070,30.10,31884232,5017.59,21145,0,100,0,100,0,0
gpu_async,8,256,512,.834878,50.41,31884232,5017.59,21145,0,100,0,100,0,0
gpu_async,8,256,1024,.484032,86.95,31884232,5017.59,21145,0,100,0,100,0,0
gpu_async,8,256,2048,.304714,138.13,31884232,5017.59,21145,0,100,0,100,0,0
gpu_async,8,256,4096,.226650,185.70,31884232,5017.59,21145,0,100,0,100,0,0
gpu_async,8,256,16384,.203193,207.14,31884232,5017.59,21145,0,100,0,100,0,0
gpu_async,8,256,65536,.486514,86.51,31884232,5017.59,21145,0,100,0,100,0,0
gpu_async,8,256,131072,.485573,86.68,31884232,5017.59,21145,0,100,0,100,0,0
gpu_async,8,256,262144,.482940,87.15,31884232,5017.59,21145,0,100,0,100,0,0
gpu_async,8,512,128,2.337497,18.00,31884232,5017.59,21145,0,100,0,100,0,0
gpu_async,8,512,256,1.397969,30.10,31884232,5017.59,21145,0,100,0,100,0,0
gpu_async,8,512,512,.853070,49.34,31884232,5017.59,21145,0,100,0,100,0,0
gpu_async,8,512,1024,.491830,85.57,31884232,5017.59,21145,0,100,0,100,0,0
gpu_async,8,512,2048,.306312,137.41,31884232,5017.59,21145,0,100,0,100,0,0
gpu_async,8,512,4096,.228299,184.36,31884232,5017.59,21145,0,100,0,100,0,0
gpu_async,8,512,16384,.202584,207.76,31884232,5017.59,21145,0,100,0,100,0,0
gpu_async,8,512,65536,.365839,115.05,31884232,5017.59,21145,0,100,0,100,0,0
gpu_async,8,512,131072,.363435,115.81,31884232,5017.59,21145,0,100,0,100,0,0
gpu_async,8,512,262144,.370038,113.74,31884232,5017.59,21145,0,100,0,100,0,0
gpu_async,8,1024,128,2.457772,17.12,31884232,5017.59,21145,0,100,0,100,0,0
gpu_async,8,1024,256,1.476853,28.50,31884232,5017.59,21145,0,100,0,100,0,0
gpu_async,8,1024,512,.937245,44.90,31884232,5017.59,21145,0,100,0,100,0,0
gpu_async,8,1024,1024,.582233,72.29,31884232,5017.59,21145,0,100,0,100,0,0
gpu_async,8,1024,2048,.352535,119.39,31884232,5017.59,21145,0,100,0,100,0,0
gpu_async,8,1024,4096,.245153,171.69,31884232,5017.59,21145,0,100,0,100,0,0
gpu_async,8,1024,16384,.239528,175.72,31884232,5017.59,21145,0,100,0,100,0,0
gpu_async,8,1024,65536,.220337,191.02,31884232,5017.59,21145,0,100,0,100,0,0
gpu_async,8,1024,131072,.213333,197.30,31884232,5017.59,21145,0,100,0,100,0,0
gpu_async,8,1024,262144,.208775,201.60,31884232,5017.59,21145,0,100,0,100,0,0
gpu_async,8,2048,128,.284129,148.13,0,5017.59,21145,0,100,0,100,0,0
gpu_async,8,2048,256,.230845,182.33,0,5017.59,21145,0,100,0,100,0,0
gpu_async,8,2048,512,.202054,208.31,0,5017.59,21145,0,100,0,100,0,0
gpu_async,8,2048,1024,.188101,223.76,0,5017.59,21145,0,100,0,100,0,0
gpu_async,8,2048,2048,.180430,233.27,0,5017.59,21145,0,100,0,100,0,0
gpu_async,8,2048,4096,.176293,238.75,0,5017.59,21145,0,100,0,100,0,0
gpu_async,8,2048,16384,.173010,243.28,0,5017.59,21145,0,100,0,100,0,0
gpu_async,8,2048,65536,.171839,244.94,0,5017.59,21145,0,100,0,100,0,0
gpu_async,8,2048,131072,.171652,245.20,0,5017.59,21145,0,100,0,100,0,0
gpu_async,8,2048,262144,.171372,245.60,0,5017.59,21145,0,100,0,100,0,0
